Nombre;Departamento/Provincia;Ciudad/Localidad;Dirección;latitud;Longitud;maps
03.1.SASPY CARE;Central;08. Lambaré;Jose Ma. Aguirre c/ Cacique Lambaré;;;
00. CENTRO DISTRIBUCION;Central;10. Luque;A una cuadra de la calle 10 de Julio, Jaguarete Kora, Luque;-25,27955;-57,468628;https://maps.app.goo.gl/HTuZKEsKe1ydNuMR6?g_st=iw
01.3.SASPY SHOP;Asunción;Asunción;.;-25,298273;-57,569916;https://maps.app.goo.gl/r1ibQuR2fd4WPNT7A
01.2.AUTO SASPY;Asunción;Asunción;Nicanor Torales 137 c/ Mariscal López;-25,298273;-57,569916;https://maps.app.goo.gl/r1ibQuR2fd4WPNT7A
02. MICROCENTRO;Asunción;Asunción;Colon c/ Haedo;-25,280873;-57,643011;https://maps.app.goo.gl/6hiZ5Ak1ZtSvtnfR9
03. LAMBARE (PUEBLO);Central;08. Lambaré;Avda. República Argentina y Paz del Chaco, Paseo Lambaré Shopping Local 124;-25,33496;-57,61301;https://maps.app.goo.gl/6cWHdFFndERdo3WX7
04. LUQUE;Central;10. Luque;Av. Gral. Aquino casi Ladislao Orrego y Tte. Rivas.;-25,264407;-57,508291;https://maps.app.goo.gl/R4C355gQbWWAFxbu7
05. ENCARNACION;Itapúa;10. Encarnación;Carlos Gonzalez Arias entre Próceres de Mayo y Avda. San Roque Gonzáles de Santacruz,;-27,33056;-55,86667;https://maps.app.goo.gl/AYJYvgGdPGXJ7dFs5
06. CIUDAD DEL ESTE;Alto Paraná;01. Ciudad del Este;Curupayty e/ Eusebio Ayala;-25,513817;-54,612832;https://maps.app.goo.gl/jkQfAux8gp5fsr9q8
07. ALBERDI;Neembucú;01. Alberdi;12 de Octubre 221 casi Av. Soldado Paraguayo;-26,182827;-58,140712;https://maps.app.goo.gl/AwgtQwvjhYcmV833A
08. SALTO DEL GUAIRA;Canindeyú;11. Salto del Guairá;Ruta PY 03, Avda. Paraguay entre Avda. Itaipú y Veteranos del 47 - Galería Roma Salto del Guairá - Canindeyú;-24,05119;-54,306242;https://maps.app.goo.gl/ukiPyRy9T2YsF7nN9
09.PEDRO JUAN CABALLERO;Amambay;05. Pedro Juan Caballero;An. Carlos Domingues casi Natalicio Talavera;-22,545081;-55,730933;https://maps.app.goo.gl/Mdu5sU4JVXR7px4P9
10. SAN LORENZO;Central;15. San Lorenzo;Julia Miranda Cueto N° 788 (Edificio El Mirador);-25.342.547;-57.504.911;https://maps.app.goo.gl/LUNsvjvBGN5KTsGo6
11. SANTA RITA;Alto Paraná;19. Santa Rita;Eusebio Ayala casi Av. Gaspar Rodriguez de Francia;-25,79397;-55,086378;https://maps.app.goo.gl/m9ivVUuGkoFat5du5
12. VILLARRICA;Guairá;17. Villarrica;Calle Carlos A. Lopez entre Curupayty y Cristóbal Colón;-25,778407;-56,446668;https://maps.app.goo.gl/Zf9Qx4SpUGe9Ve4E7
01.1.MARISCAL LOPEZ;Asunción;Asunción;Mariscal López N°4693 y Nicanor Torales;-25,298273;-57,569916;https://maps.app.goo.gl/r1ibQuR2fd4WPNT7A
(Locker) Virgen del Rosario Centro;Central;10. Luque;Javier Bogarin c/ 14 de mayo;-25,270895;-57,488785;https://maps.app.goo.gl/PuS7mZ9f5vTe1BBZ9
(Locker) Superseis Yacht;Central;08. Lambaré;Avda. del Yacht entre Manuel Gondra y Onofre Gomez;-25,359083;-57,627652;https://maps.app.goo.gl/Md77WwqMoaHBUcWx5
(Locker) Superseis Villeta;Central;17. Villeta;Ruta D071 casi Asunción;-25,508511;-57,559174;https://maps.app.goo.gl/C32UWCqMzTch9skU6
(Locker) Superseis Villarrica *24/7;Guairá;17. Villarrica;Acuña de Figueroa y Boulevard Río Apa;-25,76735891;-56,44141251;https://maps.app.goo.gl/DhoD9q27M5UtfJCZ6
(Locker) Superseis Villa Morra (Mcal. Lopez);Asunción;Asunción;Avda. Mariscal Lopez e/ Juan S Bogarin;-25,29355655;-57,5823834;https://maps.app.goo.gl/BZTdAypzEKRoDVZDA
(Locker) Superseis Total;Asunción;Asunción;Av. Carlos A. López casi Colón;-25,2880173;-57,6493239;https://maps.app.goo.gl/nPZuhdZYhyvzrYGCA
(Locker) Superseis Sirio;Central;08. Lambaré;Avda. Luis Maria Argaña e/ Avda. Las Palmas y Porvenir;-25,33458638;-57,62491107;https://maps.app.goo.gl/T2KG51qHTf2CvQweA
(Locker) Superseis San Lorenzo;Central;15. San Lorenzo;Intersección Ruta 1 y Ruta 2 (Julia Miranda Cueto), Central, San Lorenzo;-25,3429738;-57,5018456;https://maps.app.goo.gl/vfjhcLEYrhHiFZYg9
(Locker) Superseis Primer Presidente;Asunción;Asunción;Avda. Primer Presidente e/ Gabriel Casaccia;-25,2640444;-57,55754742;https://maps.app.goo.gl/XfBW4w51S3Mdtm7K7
(Locker) Superseis Presidente Franco;Alto Paraná;15. Presidente Franco;Super Carretera y Palmera, San Lorenzo, Presidente Franco;-25,54745574;-54,6300745;https://maps.app.goo.gl/3sEtULd47nfftLbd8
(Locker) Superseis Ñemby;Central;12. Ñemby;Avenida Acceso Sur y Bernardino Caballero, Central, Ñemby;-25,3934509;-57,5440193;https://maps.app.goo.gl/vGpTZTdZ1aZHjCRM7
(Locker) Superseis Mundi Mark;Asunción;Asunción;Avda. España y Pitiantuta, Barrio Jara, Asunción;-25,2874104;-57,6058491;https://maps.app.goo.gl/6ab7pg8z5xxXENcn9
(Locker) Superseis Mburucuya;Asunción;Asunción;Avda. Santísima Trinidad y Julio Correa, Mbucuya, Asunción;-25,2702565;-57,5629748;https://maps.app.goo.gl/dWXwwmeN2ppj3KXu7
(Locker) Superseis Laurelty;Central;10. Luque;Cap. Andress Insfran y Puerto Pinasco, Hugua De Seda, Luque;-25,2895125;-57,5003281;https://maps.app.goo.gl/6PYWvCMLxU763s7cA
(Locker) Superseis La Negrita;Asunción;Asunción;Av. Eusebio Ayala y Vice Pdte Sanchez;-25,30135511;-57,61747599;https://maps.app.goo.gl/nwq7oYAv67X46TiX7
(Locker) Superseis Japon;Asunción;Asunción;Avda. Félix Bogado y Japón, Barrio San Vicente, Asuncion;-25,318531;-57,6297912;https://maps.app.goo.gl/wsoHrvQyyQG5snX97
(Locker) Superseis Gran Union;Asunción;Asunción;Av. Santísimo Sacramento y Mariscal Lopez;-25,2894812;-57,590135;https://maps.app.goo.gl/4kXhemJQi9CC81F49
(Locker) Superseis España;Asunción;Asunción;Avda. España casi Brasil, Barrio San Roque, Asunción;-25,2857625;-57,6208594;https://maps.app.goo.gl/iT2yboiFXsTfvXgG9
(Locker) Superseis Encarnación - Irrazábal;Itapúa;10. Encarnación;Av. Irrazabal y Gral Burguez, Poliy, Encarnación.;-27,3404617;-55,8573341;https://maps.app.goo.gl/JWntvsmgK2CaFNoV9
(Locker) Superseis El Portal - Loma Pytã;Central;Loma Pyta;Ruta PY03 casi Josefina Pla - Shopping El Portal, Loma Pyta, Asunción;-25,23873803;-57,54209003;https://maps.app.goo.gl/5iMTBX6TWyA4WWmP9
(Locker) Superseis Costanera Encarnación;Itapúa;10. Encarnación;Ruta 1 Mcal. Francisco Solano López esq. 3° Proyectada, Itapua, Encarnación;-27,32392813;-55,87382555;https://maps.app.goo.gl/wzSb55tqB6nJJhpYA
(Locker) Superseis Camba Cuá;Central;03. Fernando de la Mora;Av. Mcal. Lopez esq. Cnel. Cazal, al lado del Hospital de Clínicas - Laguna Grande, Central;-25,320883;-57,523963;https://maps.app.goo.gl/VS6vSEKRwbuRSPDY6
(Locker) Superseis Caacupé;Cordillera;04. Caacupé;Ruta 2 y Av. del Agricultor, Caacupe;-25,3893125;-57,1508281;https://maps.app.goo.gl/j4UNM1SpJL1JwNs7A
(Locker) Superseis Boquerón;Asunción;Asunción;RI6 Boquerón y Dr. Benigno Ferreira, Mariscal Jose Felix Estigarribia, Asuncion,;-25,30393519;-57,57458746;https://maps.app.goo.gl/y2YZH7hSNkoDPPWn6
(Locker) Superseis Bella Vista;Central;10. Luque;C. Valois Rivarola y Fulgencio Yegros, Central, Luque;-25,2623908;-57,4899101;https://maps.app.goo.gl/5kwxkvj2pca7NyRM7
(Locker) Superseis Areguá;Central;01. Areguá;Ruta Areguá Patiño y Carlos Antonio Lopez, Santo Domingo, Areguá.;-25,3111875;-57,3797656;https://maps.app.goo.gl/gT3vBB34U7DRcxnb9
(Locker) Superseis 3 de Febrero CDE;Alto Paraná;01. Ciudad del Este;Chaco Boreal y Eugenio A. Garay, 3 de Febrero, Ciudad del Este;-25,5254125;-54,6132344;https://maps.app.goo.gl/jUC58qAtnfXdEhhA6
(Locker) Stock Villa Elisa;Central;16. Villa Elisa;Avda. Von Poleski e/ Colombia, Central, Villa Elisa;-25,36724508;-57,58627947;https://maps.app.goo.gl/KcGn9khf6j526SGx6
(Locker) Stock Santani;San Pedro;11. San Estanislao;Teniente Adolfo Melo y Boquerón;-24,6651875;-56,4395156;https://maps.app.goo.gl/FefWnfvxbCE4NTW57
(Locker) Stock San Ignacio Misiones;Misiones;02. San Ignacio;Mcal. Lopez casi Py01;-26,88764592;-57,02563047;https://maps.app.goo.gl/4CrysMXhm7tsstmM8
(Locker) Stock Pitiantuta Fdo Zona Sur;Central;03. Fernando de la Mora;Avda. Pitiantuta esq. Asunción, Central, Fdo De La Mora (Zona Sur);-25,3361527;-57,555353;https://maps.app.goo.gl/2Kx2s3VfSGwCR9Ng7
(Locker) Stock Piquete Cue;Central;09. Limpio;Av San Jose casi Coronel Carlos Garcete;-25,1601098;-57,4748428;https://maps.app.goo.gl/JxvtQatDfHvFg2PG7
(Locker) Stock Ortiz Guerrero;Central;12. Ñemby;Manuel Ortiz Guerrero;-25,3650375;-57,5162656;https://maps.app.goo.gl/ZgNg7fZPiYMST6h18
(Locker) Stock Mariano 2;Central;11. Mariano Roque Alonso;Ruta Transchaco esq. Boqueron, Central, Mariano R. Alonso;-25,2128032;-57,5284629;https://maps.app.goo.gl/6ehuqUSu3BGwNvYX7
(Locker) Stock J. Augusto Saldivar II;Central;07. Julián Augusto Saldivar;Ruta Departamentar D027 y Mbocayaty;-25,4416875;-57,4427656;https://maps.app.goo.gl/mUyPdiGSHfYDm7xo7
(Locker) Stock Ita;Central;05. Itá;Ruta Depatamental D027 y Curupayty;-25,50588322;-57,36442566;https://maps.app.goo.gl/iHC7DfDEqgtpVVoc8
(Locker) Stock Hernandarias;Alto Paraná;05. Hernandarias;Supercarretera entre Pilar y Concepción, Hernandarias, Alto Paraná;-25,4089131;-54,6322714;https://maps.app.goo.gl/4n6vhk4eozTG2Atj8
(Locker) Stock Guarambaré 24/7;Central;04. Guarambaré;Ruta Guarambaré - Villeta y Acceso Sur,;-25,49676394;-57,47344319;https://maps.app.goo.gl/JZWRxakxPCDemaRs5
(Locker) Stock Fdo de la Mora;Central;03. Fernando de la Mora;Avda. Mcal. López e Insaurralde, Central, Fdo. de la Mora (Zona Norte);-25,3060104;-57,5338693;https://maps.app.goo.gl/cptNeRCRxP6mo4th7
(Locker) Stock Coronel Bogado;Itapúa;08. Coronel José Félix Bogado;Ruta 1 y Av. José Félix Bogado, Santa Clara, Coronel Bogado;-27,1563125;-56,2428594;https://maps.app.goo.gl/j1m1ek6XTajH8N8b8
(Locker) Stock Capiata Ruta 2;Central;02. Capiatá;Ruta 2 Mcal. Estigarribia Km. 20 esq. Cnel. Felipe Toledo, Central, Capiatá;-25,3563766;-57,4407196;https://maps.app.goo.gl/HhacZPzp9PFfr4s58
(Locker) Stock Capiata Departamental 27;Central;02. Capiatá;Ruta Departamentar D027;-25,3770125;-57,4767031;https://maps.app.goo.gl/EdZEsNVFhhVNN4bN6
(Locker) Stock Caaguazu;Caaguazú;01. Caaguazú;Roberto L. Pettit entre Manuel A. Godoy y Pedro Juan Caballero, Caaguazú, Caaguazú;-25,4668434;-56,0171604;https://maps.app.goo.gl/Q6Zq5dpj8n8oD2Lr8
(Locker) Stock Britez Borges;Central;10. Luque;Av Gral. Manuel Britez Borges y Av Ita Yvate;-25,2962375;-57,5228906;https://maps.app.goo.gl/JNmbb8CayWxnVmxy9
(Locker) Stock Boqueron - San Antonio;Central;14. San Antonio;Av. Cadete de Boquerón y San Martin;-25,41046268;-57,54813954;https://maps.app.goo.gl/pt3w589gb6ELzUGy8
(Locker) Stock Barrio Obrero;Asunción;Asunción;Av. Cerro León casi Caballero;-25,2991183;-57,6400012;https://maps.app.goo.gl/qaUG1R9cPXoXtQR48
(Locker) Stock Acceso Sur;Central;16. Villa Elisa;Acceso Sur y Emiliano R. Fernandez, Tres Bocas, Villa Elisa;-25,3525252;-57,5719009;https://maps.app.goo.gl/ags4vqQm5WbH98BA9
(Locker) Stock  San Lorenzo;Central;15. San Lorenzo;Av. del Agrónomo & Julia Miranda Cueto;-25,34662399;-57,51416606;https://maps.app.goo.gl/QMhcqisUxpzFwStd6
(Locker) Stock  Itauguá;Central;06. Itauguá;Av Mariscal Jose Felix Estigarribia y Cerro Cora;-25,3920516;-57,35408306;https://maps.app.goo.gl/Zqz7g8EeNH8ybBMD7
(Locker) Spar Supermercado;Central;10. Luque;Avda. Gral Aquino esq Adrián Jara, Luque;-25,2806349;-57,53389835;https://maps.app.goo.gl/wnERhyntaMCkyHib7
(Locker) Shell Yvera;Central;15. San Lorenzo;Av. Mariscal Lopez y Av. Gral. Eugenio A. Garay , Villa Amelia, San Lorenzo;-25,33684334;-57,51046658;https://maps.app.goo.gl/e6Sw4ZwN6LhPaEbu5
(Locker) Shell Surubi i;Central;11. Mariano Roque Alonso;Gral. Elizardo Aquino;-25,19134649;-57,50550735;https://maps.app.goo.gl/GepWBXhjz92WWH2M7
(Locker) Shell San Nicolas;Central;03. Fernando de la Mora;Ruta 2 y Cap. Rivas;-25,3346805;-57,5346692;https://maps.app.goo.gl/8Mwjj1qbTBBvPU9e8
(Locker) Shell Botanico;Asunción;Asunción;Avda. Primer Presidente y Av Gen Jose Gervansio Artigas, Santa Rosa, Asunción.;-25,25228438;-57,57891655;https://maps.app.goo.gl/QCs9ern2jRnmadQKA
(Locker) Shell Autopista;Asunción;Asunción;Av Aviadores del Chaco casi Av Santa Teresa, Las Lomas, Asunción;-25,28259939;-57,56252825;https://maps.app.goo.gl/DvX4m55UqyLEKBaDA
(Locker) San Lorenzo Shopping;Central;15. San Lorenzo;Ruta 2 KM 17.8, Central, San Lorenzo;-25,3432611;-57,4886878;https://maps.app.goo.gl/siuJH6ao8sJgJmbVA
(Locker) Petromax Campo 9 - Compañia Friesen;Caaguazú;05. Doctor Juan Eulogio Estigarribia;Ruta 7 Dr. Jose G. Rodriguez de Franciam. 213, Compania Friesen, Caaguazu;-25,3796179;-55,7003591;https://maps.app.goo.gl/euuSHbtoX6PhW8qf7
(Locker) Mall Excelsior;Asunción;Asunción;Chile y Manduvira;-25,28772634;-57,63882637;https://maps.app.goo.gl/beWsgybskWgWhNrz7
(Locker) Los Jardines Villa Adela;Central;10. Luque;Avenida General Aquino &, Tte. Rivas, Luque;-25,26442359;-57,5052747;https://maps.app.goo.gl/NWCWB8Tt9STkAHFu7
(Locker) Los Jardines Jacaranda;Central;03. Fernando de la Mora;Luís Alberto del Paraná esq. Jacarandá, Fernando de la Mora;-25,31267407;-57,54263163;https://maps.app.goo.gl/Wie1jjRdVRkkD9AM7
(Locker) Los Jardines  Laguna Grande;Central;03. Fernando de la Mora;Avda. Laguna Grande esq, Rio Paraguay 2160;-25,31891019;-57,51814842;https://maps.app.goo.gl/ogiYLU5BYzK6VFzL7
(Locker) Lambaré Pueblo;Central;08. Lambaré;Avda. República Argentina y Paz del Chaco - Paseo Lambare Shopping, Central, Lambare;-25,33499686;-57,61298055;https://maps.app.goo.gl/J2b1QxbSWJhLAgjWA
(Locker) Kingo Avelino Martínez;Central;15. San Lorenzo;Avelino Martínez y Los Milagros;-25,35531191;-57,54286766;https://maps.app.goo.gl/DGdzuzNHjxvPXjTM6
(Locker) HyV La Curva - Carapegua;Paraguarí;03. Carapeguá;Ruta PY01, Carapeguá 090502;-25,7672954;-57,2386153;https://maps.app.goo.gl/DhjqvoVHFwENwHSD8
(Locker) Gran Vía San José CDE;Alto Paraná;01. Ciudad del Este;Av San José y Guyra Campana, Ciudad Nueva, CDE;-25,5071645;-54,6663782;https://maps.app.goo.gl/ZsWupEpkaq2gybZLA
(Locker) Gran Via Royal;Central;03. Fernando de la Mora;Av. Mariscal Lopez y Av, Madame Lynch;-25,30826591;-57,55258799;https://maps.app.goo.gl/RaTd23Boc7kg3bAn9
(Locker) Gran Via Remansito;Alto Paraná;15. Presidente Franco;Gral. Bernardino Caballero y Sgto Silva, Remansito, Presidente Franco;-25,54573272;-54,60801601;https://maps.app.goo.gl/qDcqjeMfE1jpPbZ79
(Locker) Gran Via Ñemby;Central;12. Ñemby;Acceso Sur y Defensores del Chaco;-25,39592849;-57,54529238;https://maps.app.goo.gl/VW8kVnBiFhTocs346
(Locker) Gran Vía Km 4 24/7;Alto Paraná;01. Ciudad del Este;Avenida Monseñor Rodriguez, KM 4;-25,5081297;-54,63784218;https://maps.app.goo.gl/kyM1vbTMZB9mwXtp9
(Locker) Fortis PJC;Amambay;05. Pedro Juan Caballero;Avda. Padre Juan Jose O' Connor e/ Cincuentenario de la Guerra del Chaco, Amambay, Pedro J. Caballero;-22,52041288;-55,74084371;https://maps.app.goo.gl/yXX8sjYA25PmhfgB9
(Locker) Fortis Oviedo;Caaguazú;03. Coronel Oviedo;Ruta PY02 Mariscal José Félix Estigarribia casi Ayolas, Caaguazú, Coronel Oviedo;-25,46513902;-56,46405101;https://maps.app.goo.gl/1iUa5JQc2Xdfx7QWA
(Locker) Fortis Mariano;Central;11. Mariano Roque Alonso;Avda. Gral. Elizardo Aquino esq/ Avda. Gral. Bernardino Caballero, Central, Mariano R. Alonso;-25,1927102;-57,5026966;https://maps.app.goo.gl/SC92y7zAPjVQhHzG7
(Locker) Fortis Laurelty;Central;15. San Lorenzo;Av. Gral. Eugenio A. Garay y Mario Jara, Laurelty, San Lorenzo;-25,3140375;-57,5078281;https://maps.app.goo.gl/uocwP8MDCUD25UWi8
(Locker) Fortis Jockey;Asunción;Asunción;Avda. Eusebio Ayala c/ Cedro, Hipódromo, Asunción;-25,3138091;-57,5841754;https://maps.app.goo.gl/mT4ixkjJcSEWGHzr5
(Locker) Fortis Concepción;Concepción;04. Concepción;Ruta PY 05 Avda. Gral. Elizardo Aquino esq/ Avda. Gral. Bernardino Caballero, Concepción, Concepción;-23,4187049;-57,431652;https://maps.app.goo.gl/fnqyi9wrUzYMDrfb8
(Locker) Fortis CDE;Alto Paraná;01. Ciudad del Este;Ruta PY 02 Avda. Mon­señor Rodríguez, km 4.3;-25,5077478;-54,6411071;https://maps.app.goo.gl/Va6fRE1ZYwU8qSwh8
(Locker) El Ahorrazo San Lorenzo;Central;15. San Lorenzo;PY02 y Gral. Caballero;-25,3442505;-57,5104264;https://maps.app.goo.gl/hDnJRt855FLXDatn6
(Locker) El Ahorrazo Capiatá R2;Central;02. Capiatá;Ruta 2 y Monseñor Darío Céspedes;-25,35040598;-57,45177984;https://maps.app.goo.gl/N3kcjYCWk13FH9LG6
(Locker) El Ahorrazo Capiatá D27;Central;02. Capiatá;Olimpia y Ruta Capiatá - Thompson - Ypane;-25,39292391;-57,46986866;https://maps.app.goo.gl/wHbMBNxMGY6wn89z8
(Locker) Copetrol Aeropuerto;Central;10. Luque;Autop. Silvio Pettirossi y Cachabamba;-25,2456125;-57,5112969;https://maps.app.goo.gl/srDstSoWhLKgWEYi8
(Locker) Century Plaza;Central;08. Lambaré;Av. Cacique Lambare casi Mbaracayu, Valle Apu'a 1, Lambare;-25,34340547;-57,61354923;https://maps.app.goo.gl/HjmCKzjgUZa54v4w8
(Locker) Central Parking;Asunción;Asunción;Chile 890 e/ Piribebuy;-25,2865604;-57,6383406;https://maps.app.goo.gl/Taw8VYBJtAsVB7QV7
(Locker) CDE Sucursal;Alto Paraná;01. Ciudad del Este;Curupayty e/ Eusebio Ayala;-25,5137942;-54,6128882;https://maps.app.goo.gl/yuLiZxNGB2k6BxK16
(Locker) Arete Primer Presidente;Asunción;Asunción;Av. Primer Presidente y M. Pérez Martínez;-25,25938718;-57,56651402;https://maps.app.goo.gl/y8emQTYo4NUkX9KR8
(Locker) Supermercado La Canasta;Concepción;04. Concepción;Padre Sarmiento y Screiber;-23,406919;57,439937;https://maps.app.goo.gl/XnrZNWpT6CisXFss7
(Locker) Copetrol Rca. Argentina;Central;08. Lambaré;Av. Rca. Argentina y Guaraníes;-25,3353172;-57,61562235;https://maps.app.goo.gl/Vh5ZiWzFQM3emSHt6
(Locker)  Copetrol Km 4 CDE;Alto Paraná;01. Ciudad del Este;Av. San Blas y Mariscal López;-25,50635285;-54,63870049;https://maps.app.goo.gl/S6oKh653AiC4Re5TA
(Locker) Petrobras Molas López;Asunción;Asunción;Av. Dr. Felipe Molas Lopez y Gral. José de San Martín;-25,27599466;-57,56711283;https://maps.app.goo.gl/hfeUJHxhWjfw61Lu5
(Locker) Hiperseis  *24/7;Asunción;Asunción;Av. Boggiani y Hassler;-25,30269365;-57,56428242;https://maps.app.goo.gl/yjNyAaEWQZQsaQfX8
(Locker) Petromax Pitiantuta;Asunción;Asunción;Av. Pitiantuta y  Yataity Corá;-25,34433081;-57,55970736;https://maps.app.goo.gl/qr2vtYnBi5rRUA2a7
(Locker) Petrobras Av. General Santos;Asunción;Asunción;Av. General Santos y Schinini;-25,27627651;-57,6093328;https://maps.app.goo.gl/WffWv1LewGuU1H2dA
(Locker) Geminis Super Center;San Pedro;14. Santa Rosa del Aguaray;Ruta PY08 casi C. de las Palmeras;-23,81580512;-56,51145101;https://maps.app.goo.gl/uqh18ADjuTceDPF29
(Locker) Petrobras Av. De La Victoria;Asunción;Asunción;Av. la Victoria y Incas;-25,3196809;-57,5769515;https://maps.app.goo.gl/nk9a7BsAxuyoskh2A
(Locker) Petrobras Campo Grande;Asunción;Asunción;Av. Aviadores del Chaco y Av. Santisima Trinidad;-25,27690711;-57,55148828;https://maps.app.goo.gl/FB4oNcJY4FhBcgiC9
(Locker) Copetrol Americo Picco;Central;16. Villa Elisa;Americo Picco y Hungtia;-25,36824867;-57,57877629;https://maps.app.goo.gl/zD4NDdB53ovWynzh7
(Locker) Petrobras Katuete;Canindeyú;05. Katueté;Las Residentas, Petrobras Katueté 140802;-24,23772965;-54,74579573;https://maps.app.goo.gl/KpBkxfSFud5PPNodA
(Locker)  Arete Shopping Pinedo;Central;03. Fernando de la Mora;Av. Mariscal Lopez y 26 de Febrero;-25,3230185;-57,5194228;https://maps.app.goo.gl/83wXcpmzYFwHXaPK6
(Locker) Arete Sausalito;Asunción;Asunción;Av. Venezuela y Salvador;-25,2674118;-57,5934885;https://maps.app.goo.gl/RtaivrTyLPp8Zs326
(Locker) Petrobras Paraguarí;Paraguarí;09. Paraguarí;Ruta PY01 Mariscal Francisco Solano López y Asunción;-25,6224625;-57,1513281;https://maps.app.goo.gl/eTFh4WjgRUjdpw8S8
(Locker) Stock Minga Guazu;Alto Paraná;11. Minga Guazú;Sor Serafina Rodrigues y C.16 Acaray;-25,490144;-54,7607023;https://maps.app.goo.gl/yeUQQSVNpfyNvLuHA
(Locker) Virgen del Rosario Cañada;Central;10. Luque;C. Coronel Martinez y Francisto parra;-25,29832878;-57,47132778;https://maps.app.goo.gl/prKqYeqekyWeMyxHA
(Locker) Paseo del Yacht y Golf Club;Central;08. Lambaré;P. del Yacht y Golf Club;-25,3590834;-57,6275036;https://maps.app.goo.gl/Md77WwqMoaHBUcWx5
(Locker)  Stock Calle i;Central;15. San Lorenzo;Av. Campo Via c/ Justo Román;-25,3688565;-57,6328518;https://maps.app.goo.gl/6WMhMn74YuPArt6P6
